Сдам Лачугу в Центре	Очень красивый Микрорайон Любимово, в шаговой доступности несколько детских садов, две школы, множество различных магазинов, остановка общественного транспорта прямо на территории комплекса, детские площадки с игровыми зонами,	23 marth 2008	Hamburg	./markup/img/apartment-02.jpg	0	2	apartment	4	2	40000	 Washer, Towels, Fridge	1567	latitude: 50.938361,longitude: 6.959974
Сдам Бунгало в Лесу	Квартира Реальная, Не Фэйк. Жилой Комплекс «Лучший» по ул. Петра Метальникова. Удачное месторасположение с хорошей транспортной развязкой, развитой инфраструктурой района. Без пробочные выезды в направлении района Энки, улицы 1го Мая, Ростовского Шоссt.	24 june 2003	Amsterdam	./markup/img/apartment-02.jpg	1	2	house	5	6	30000	Breakfast,Air conditioning, Laptop friendly workspace, Baby seat, Washer, Towels	1567	latitude: 50.846557,longitude: 4.351697
Сдам Бунгало в Лесу	Очень красивый Микрорайон Любимово, в шаговой доступности несколько детских садов, две школы, множество различных магазинов, остановка общественного транспорта прямо на территории комплекса, детские площадки с игровыми зонами,	18 october 2010	Dusseldorf	./markup/img/apartment-03.jpg	1	4.5	room	1	6	30000	 Washer, Towels, Fridge	1235	latitude: 50.938361,longitude: 6.959974
Сдам Бунгало в Лесу	Очень красивый Микрорайон Любимово, в шаговой доступности несколько детских садов, две школы, множество различных магазинов, остановка общественного транспорта прямо на территории комплекса, детские площадки с игровыми зонами,	18 october 2010	Brussels	./markup/img/apartment-01.jpg	0	2	room	5	3	50000	 Baby seat, Washer, Towels, Fridge	11324	latitude: 51.225402,longitude: 6.776314
Сдам Бунгало в Лесу	Продам свою квартиру с ремонтом и мебелью, вид на сторону озера, рядом школа и детский сад! Я собственник, с агентами работаю, звоните, отвечу на все вопросы. Показ в любое время. Квартира отличная, продаю, потому что расширяемся!	23 sptember 2020	Dusseldorf	./markup/img/apartment-02.jpg	1	5	hotel	4	4	40000	 Towels, Fridge	1678	latitude: 50.846557,longitude: 4.351697
Сдам Хату в Хуторе	Квартира Реальная, Не Фэйк. Жилой Комплекс «Лучший» по ул. Петра Метальникова. Удачное месторасположение с хорошей транспортной развязкой, развитой инфраструктурой района. Без пробочные выезды в направлении района Энки, улицы 1го Мая, Ростовского Шоссt.	24 june 2003	Amsterdam	./markup/img/apartment-02.jpg	0	4.5	apartment	4	1	100	Breakfast,Air conditioning, Laptop friendly workspace	1235	latitude: 50.846557,longitude: 4.351697
Сдам Бунгало в Лесу	Евро три. Кухня-столовая. Можно легко сделать зонирование. Качественная отделка. Дом класса комфорт плюс. Дом сдается на следующий год. Красивые входные группы. Скоростные лифты. При домовая территория облагорожена.	24 june 2003	Paris	./markup/img/apartment-01.jpg	1	1.4	house	4	6	50000	 Baby seat, Washer, Towels, Fridge	1678	latitude: 50.938361,longitude: 6.959974
Сдам Дом в Городе	Евро три. Кухня-столовая. Можно легко сделать зонирование. Качественная отделка. Дом класса комфорт плюс. Дом сдается на следующий год. Красивые входные группы. Скоростные лифты. При домовая территория облагорожена.	23 marth 2008	Cologne	./markup/img/apartment-03.jpg	1	4.5	hotel	3	2	40000	 Baby seat, Washer, Towels, Fridge	1567	latitude: 53.550341,longitude: 10.000654
Сдам Бунгало в Лесу	Евро три. Кухня-столовая. Можно легко сделать зонирование. Качественная отделка. Дом класса комфорт плюс. Дом сдается на следующий год. Красивые входные группы. Скоростные лифты. При домовая территория облагорожена.	24 june 2003	Hamburg	./markup/img/room.jpg	1	3.4	hotel	8	2	30000	 Fridge	1567	latitude: 52.370216,longitude: 4.895168
Сдам Дом в Городе	Квартира Реальная, Не Фэйк. Жилой Комплекс «Лучший» по ул. Петра Метальникова. Удачное месторасположение с хорошей транспортной развязкой, развитой инфраструктурой района. Без пробочные выезды в направлении района Энки, улицы 1го Мая, Ростовского Шоссt.	23 marth 2008	Amsterdam	./markup/img/apartment-02.jpg	1	1.4	house	3	2	50000	 Washer, Towels, Fridge	1678	latitude: 53.550341,longitude: 10.000654
