Сдам Хату в Хуторе	Евро три. Кухня-столовая. Можно легко сделать зонирование. Качественная отделка. Дом класса комфорт плюс. Дом сдается на следующий год. Красивые входные группы. Скоростные лифты. При домовая территория облагорожена.	Amsterdam	./markup/img/apartment-03.jpg	./markup/img/apartment-01.jpg,./markup/img/apartment-02.jpg,./markup/img/apartment-03.jpg,./markup/img/studio-01.jpg,./markup/img/room.jpg,./markup/img/apartment-01.jpg	0	room	3	10	40000	Air conditioning, Laptop friendly workspace, Baby seat, Washer, Towels, Fridge	пончик	1tort@gmail.com	1	latitude: 52.370216,longitude: 4.895168
Сдам Лачугу в Центре	Продам свою квартиру с ремонтом и мебелью, вид на сторону озера, рядом школа и детский сад! Я собственник, с агентами работаю, звоните, отвечу на все вопросы. Показ в любое время. Квартира отличная, продаю, потому что расширяемся!	Dusseldorf	./markup/img/apartment-01.jpg	./markup/img/apartment-01.jpg,./markup/img/apartment-02.jpg,./markup/img/apartment-03.jpg,./markup/img/studio-01.jpg,./markup/img/room.jpg,./markup/img/apartment-01.jpg	0	room	3	4	50000	 Fridge	пончик	2path@gmail.com	1	latitude: 50.846557,longitude: 4.351697
Сдам Квартиру в Доме	ЖК Радонеж! Квартира новом доме на берегу Кубани в 10 минутах от центра города! Сдача 4 квартал 2022г. Отличная планировка. Комнаты 21,5 и 14,7. Кухня 13,7. Балкон 10 м2. Цена значительно ниже застройщика	Hamburg	./markup/img/studio-01.jpg	./markup/img/apartment-01.jpg,./markup/img/apartment-02.jpg,./markup/img/apartment-03.jpg,./markup/img/studio-01.jpg,./markup/img/room.jpg,./markup/img/apartment-01.jpg	1	house	3	4	40000	 Washer, Towels, Fridge	ириска	3tort@gmail.com	1	latitude: 51.225402,longitude: 6.776314
Сдам Лачугу в Центре	Евро три. Кухня-столовая. Можно легко сделать зонирование. Качественная отделка. Дом класса комфорт плюс. Дом сдается на следующий год. Красивые входные группы. Скоростные лифты. При домовая территория облагорожена.	Paris	./markup/img/room.jpg	./markup/img/apartment-01.jpg,./markup/img/apartment-02.jpg,./markup/img/apartment-03.jpg,./markup/img/studio-01.jpg,./markup/img/room.jpg,./markup/img/apartment-01.jpg	1	room	5	3	100000	Air conditioning, Laptop friendly workspace, Baby seat, Washer	пончик	4gort@gmail.com	0	latitude: 52.370216,longitude: 4.895168
Сдам Лачугу в Центре	Очень красивый Микрорайон Любимово, в шаговой доступности несколько детских садов, две школы, множество различных магазинов, остановка общественного транспорта прямо на территории комплекса, детские площадки с игровыми зонами,	Hamburg	./markup/img/studio-01.jpg	./markup/img/apartment-01.jpg,./markup/img/apartment-02.jpg,./markup/img/apartment-03.jpg,./markup/img/studio-01.jpg,./markup/img/room.jpg,./markup/img/apartment-01.jpg	0	apartment	5	2	30000	 Baby seat, Washer, Towels, Fridge	пончик	5gort@gmail.com	1	latitude: 50.846557,longitude: 4.351697
Сдам Хату в Хуторе	Очень красивый Микрорайон Любимово, в шаговой доступности несколько детских садов, две школы, множество различных магазинов, остановка общественного транспорта прямо на территории комплекса, детские площадки с игровыми зонами,	Brussels	./markup/img/apartment-03.jpg	./markup/img/apartment-01.jpg,./markup/img/apartment-02.jpg,./markup/img/apartment-03.jpg,./markup/img/studio-01.jpg,./markup/img/room.jpg,./markup/img/apartment-01.jpg	0	apartment	3	10	40000	Air conditioning, Laptop friendly workspace, Baby seat, Washer	пирожочек	6pos@gmail.com	1	latitude: 50.846557,longitude: 4.351697
Сдам Хату в Хуторе	Квартира Реальная, Не Фэйк. Жилой Комплекс «Лучший» по ул. Петра Метальникова. Удачное месторасположение с хорошей транспортной развязкой, развитой инфраструктурой района. Без пробочные выезды в направлении района Энки, улицы 1го Мая, Ростовского Шоссt.	Brussels	./markup/img/apartment-02.jpg	./markup/img/apartment-01.jpg,./markup/img/apartment-02.jpg,./markup/img/apartment-03.jpg,./markup/img/studio-01.jpg,./markup/img/room.jpg,./markup/img/apartment-01.jpg	0	room	4	6	40000	 Fridge	ириска	7pos@gmail.com	0	latitude: 52.370216,longitude: 4.895168
Сдам Дом в Городе	Продам свою квартиру с ремонтом и мебелью, вид на сторону озера, рядом школа и детский сад! Я собственник, с агентами работаю, звоните, отвечу на все вопросы. Показ в любое время. Квартира отличная, продаю, потому что расширяемся!	Paris	./markup/img/room.jpg	./markup/img/apartment-01.jpg,./markup/img/apartment-02.jpg,./markup/img/apartment-03.jpg,./markup/img/studio-01.jpg,./markup/img/room.jpg,./markup/img/apartment-01.jpg	1	house	1	4	30000	 Laptop friendly workspace, Baby seat, Washer, Towels	пончик	8gort@gmail.com	0	latitude: 50.846557,longitude: 4.351697
Сдам Хату в Хуторе	Квартира Реальная, Не Фэйк. Жилой Комплекс «Лучший» по ул. Петра Метальникова. Удачное месторасположение с хорошей транспортной развязкой, развитой инфраструктурой района. Без пробочные выезды в направлении района Энки, улицы 1го Мая, Ростовского Шоссt.	Hamburg	./markup/img/apartment-02.jpg	./markup/img/apartment-01.jpg,./markup/img/apartment-02.jpg,./markup/img/apartment-03.jpg,./markup/img/studio-01.jpg,./markup/img/room.jpg,./markup/img/apartment-01.jpg	0	house	4	4	50000	Breakfast,Air conditioning, Laptop friendly workspace, Baby seat, Washer	пирожочек	9tort@gmail.com	1	latitude: 53.550341,longitude: 10.000654
Сдам Бунгало в Лесу	Продам свою квартиру с ремонтом и мебелью, вид на сторону озера, рядом школа и детский сад! Я собственник, с агентами работаю, звоните, отвечу на все вопросы. Показ в любое время. Квартира отличная, продаю, потому что расширяемся!	Hamburg	./markup/img/apartment-03.jpg	./markup/img/apartment-01.jpg,./markup/img/apartment-02.jpg,./markup/img/apartment-03.jpg,./markup/img/studio-01.jpg,./markup/img/room.jpg,./markup/img/apartment-01.jpg	0	room	5	6	100	 Fridge	пирожочек	10path@gmail.com	0	latitude: 48.85661,longitude: 2.351499
