Сдам Дом в Городе	Евро три. Кухня-столовая. Можно легко сделать зонирование. Качественная отделка. Дом класса комфорт плюс. Дом сдается на следующий год. Красивые входные группы. Скоростные лифты. При домовая территория облагорожена.	24 june 2003	Cologne	./markup/img/apartment-03.jpg	1	2	house	3	3	50000	 Washer, Towels, Fridge	пончик	1pos@gmail.com	goblin.jpg	0	latitude: 50.846557,longitude: 4.351697
Сдам Дом в Городе	Очень красивый Микрорайон Любимово, в шаговой доступности несколько детских садов, две школы, множество различных магазинов, остановка общественного транспорта прямо на территории комплекса, детские площадки с игровыми зонами,	23 marth 2008	Cologne	./markup/img/room.jpg	1	4.5	room	5	4	50000	 Laptop friendly workspace, Baby seat, Washer	булочка	2path@gmail.com	goblin.jpg	1	latitude: 52.370216,longitude: 4.895168
Сдам Дом в Городе	Квартира Реальная, Не Фэйк. Жилой Комплекс «Лучший» по ул. Петра Метальникова. Удачное месторасположение с хорошей транспортной развязкой, развитой инфраструктурой района. Без пробочные выезды в направлении района Энки, улицы 1го Мая, Ростовского Шоссt.	24 june 2003	Paris	./markup/img/apartment-02.jpg	1	2	room	5	3	100	Air conditioning	пончик	3gort@gmail.com	garila.jpg	1	latitude: 51.225402,longitude: 6.776314
Сдам Бунгало в Лесу	Квартира Реальная, Не Фэйк. Жилой Комплекс «Лучший» по ул. Петра Метальникова. Удачное месторасположение с хорошей транспортной развязкой, развитой инфраструктурой района. Без пробочные выезды в направлении района Энки, улицы 1го Мая, Ростовского Шоссt.	23 marth 2008	Cologne	./markup/img/room.jpg	0	4.5	room	4	3	40000	 Towels, Fridge	пончик	4pos@gmail.com	garila.jpg	1	latitude: 48.85661,longitude: 2.351499
Сдам Дом в Городе	Квартира Реальная, Не Фэйк. Жилой Комплекс «Лучший» по ул. Петра Метальникова. Удачное месторасположение с хорошей транспортной развязкой, развитой инфраструктурой района. Без пробочные выезды в направлении района Энки, улицы 1го Мая, Ростовского Шоссt.	24 june 2003	Cologne	./markup/img/room.jpg	1	4.5	room	4	2	50000		пончик	5pos@gmail.com	garila.jpg	1	latitude: 50.938361,longitude: 6.959974
Сдам Бунгало в Лесу	Квартира Реальная, Не Фэйк. Жилой Комплекс «Лучший» по ул. Петра Метальникова. Удачное месторасположение с хорошей транспортной развязкой, развитой инфраструктурой района. Без пробочные выезды в направлении района Энки, улицы 1го Мая, Ростовского Шоссt.	23 september 2020	Amsterdam	./markup/img/apartment-02.jpg	0	5	house	3	2	30000	Air conditioning, Laptop friendly workspace, Baby seat, Washer, Towels, Fridge	пончик	6gort@gmail.com	goblin.jpg	1	latitude: 50.938361,longitude: 6.959974
Сдам Хату в Хуторе	Квартира Реальная, Не Фэйк. Жилой Комплекс «Лучший» по ул. Петра Метальникова. Удачное месторасположение с хорошей транспортной развязкой, развитой инфраструктурой района. Без пробочные выезды в направлении района Энки, улицы 1го Мая, Ростовского Шоссt.	23 marth 2008	Amsterdam	./markup/img/apartment-03.jpg	0	2	house	8	6	40000	 Towels, Fridge	булочка	7gort@gmail.com	garila.jpg	1	latitude: 50.938361,longitude: 6.959974
Сдам Дом в Городе	Очень красивый Микрорайон Любимово, в шаговой доступности несколько детских садов, две школы, множество различных магазинов, остановка общественного транспорта прямо на территории комплекса, детские площадки с игровыми зонами,	26 marth 2018	Dusseldorf	./markup/img/room.jpg	0	4.5	room	5	6	100	 Laptop friendly workspace, Baby seat, Washer	пончик	8gort@gmail.com	garila.jpg	0	latitude: 53.550341,longitude: 10.000654
Сдам Дом в Городе	Продам свою квартиру с ремонтом и мебелью, вид на сторону озера, рядом школа и детский сад! Я собственник, с агентами работаю, звоните, отвечу на все вопросы. Показ в любое время. Квартира отличная, продаю, потому что расширяемся!	23 marth 2008	Brussels	./markup/img/apartment-01.jpg	1	2	apartment	3	3	50000	 Laptop friendly workspace, Baby seat, Washer	пончик	9pos@gmail.com	goblin.jpg	0	latitude: 50.846557,longitude: 4.351697
Сдам Лачугу в Центре	Продам свою квартиру с ремонтом и мебелью, вид на сторону озера, рядом школа и детский сад! Я собственник, с агентами работаю, звоните, отвечу на все вопросы. Показ в любое время. Квартира отличная, продаю, потому что расширяемся!	26 marth 2018	Paris	./markup/img/apartment-02.jpg	1	2	hotel	3	4	50000	 Baby seat, Washer, Towels, Fridge	пирожочек	10path@gmail.com	vasilisa.jpg	1	latitude: 53.550341,longitude: 10.000654
